USER.TIME,USER.CONTEXT,USER.CONTEXT,USER.CONTEXT,USER.CONTEXT,USER.CONTEXT,Weekend Warrior,Weekend Warrior,Weekend Warrior,Untitled 2,Untitled 2,Untitled 2,Tea Break,Tea Break,Tea Break,Death Spell,Death Spell,Death Spell,Our Hired Girl,Our Hired Girl,Our Hired Girl,Azalea Waltz,Azalea Waltz,Azalea Waltz,Interlude,Interlude,Interlude,Smell,Smell,Smell,Juno Six Sex,Juno Six Sex,Juno Six Sex,She Says,She Says,She Says,Cut Meat,Cut Meat,Cut Meat,Vibration,Vibration,Vibration,Tundra,Tundra,Tundra,Agua,Agua,Agua,Nevesta (Flayve Remix),Nevesta (Flayve Remix),Nevesta (Flayve Remix),Field recording from Thailand,Field recording from Thailand,Field recording from Thailand,Pale Ghost,Pale Ghost,Pale Ghost,Tonight,Tonight,Tonight,Alien Language,Alien Language,Alien Language,Kids 4,Kids 4,Kids 4,Cloud Poems,Cloud Poems,Cloud Poems,Earthship,Earthship,Earthship,Wash Out,Wash Out,Wash Out,Cool Driver,Cool Driver,Cool Driver,Stacks Of Stuff,Stacks Of Stuff,Stacks Of Stuff,Beethoven Really Rolls Over (Rage Over Lost Penny),Beethoven Really Rolls Over (Rage Over Lost Penny),Beethoven Really Rolls Over (Rage Over Lost Penny),Wet Ashtray,Wet Ashtray,Wet Ashtray,No Disclaimer,No Disclaimer,No Disclaimer,Il Sol dell'Avvenire,Il Sol dell'Avvenire,Il Sol dell'Avvenire,Radiant Jaguar,Radiant Jaguar,Radiant Jaguar,Le meilleur des mondes,Le meilleur des mondes,Le meilleur des mondes,Ice Cream & Cigarettes,Ice Cream & Cigarettes,Ice Cream & Cigarettes,A Flower In Space,A Flower In Space,A Flower In Space,Pump It,Pump It,Pump It,Bwar,Bwar,Bwar,Plasma Screen TVs and Spools of Cable,Plasma Screen TVs and Spools of Cable,Plasma Screen TVs and Spools of Cable
Timestamp,¿Resides en España?,¿En qué país entonces?,Selecciona el lugar más cercano a tu residencia.,¿Cómo dirías que te sientes ahora mismo?,Selecciona una casilla aleatoria,¿Cómo te has sentido durante la canción?,¿Crees que la canción incita a la reflexión?,¿Escucharías esta canción otra vez?,¿Cómo te has sentido durante la canción?,¿Crees que la canción incita a la reflexión?,¿Escucharías esta canción otra vez?,¿Cómo te has sentido durante la canción?,¿Crees que la canción incita a la reflexión?,¿Escucharías esta canción otra vez?,¿Cómo te has sentido durante la canción?,¿Crees que la canción incita a la reflexión?,¿Escucharías esta canción otra vez?,¿Cómo te has sentido durante la canción?,¿Crees que la canción incita a la reflexión?,¿Escucharías esta canción otra vez?,¿Cómo te has sentido durante la canción?,¿Crees que la canción incita a la reflexión?,¿Escucharías esta canción otra vez?,¿Cómo te has sentido durante la canción?,¿Crees que la canción incita a la reflexión?,¿Escucharías esta canción otra vez?,¿Cómo te has sentido durante la canción?,¿Crees que la canción incita a la reflexión?,¿Escucharías esta canción otra vez?,¿Cómo te has sentido durante la canción?,¿Crees que la canción incita a la reflexión?,¿Escucharías esta canción otra vez?,¿Cómo te has sentido durante la canción?,¿Crees que la canción incita a la reflexión?,¿Escucharías esta canción otra vez?,¿Cómo te has sentido durante la canción?,¿Crees que la canción incita a la reflexión?,¿Escucharías esta canción otra vez?,¿Cómo te has sentido durante la canción?,¿Crees que la canción incita a la reflexión?,¿Escucharías esta canción otra vez?,¿Cómo te has sentido durante la canción?,¿Crees que la canción incita a la reflexión?,¿Escucharías esta canción otra vez?,¿Cómo te has sentido durante la canción?,¿Crees que la canción incita a la reflexión?,¿Escucharías esta canción otra vez?,¿Cómo te has sentido durante la canción?,¿Crees que la canción incita a la reflexión?,¿Escucharías esta canción otra vez?,¿Cómo te has sentido durante la canción?,¿Crees que la canción incita a la reflexión?,¿Escucharías esta canción otra vez?,¿Cómo te has sentido durante la canción?,¿Crees que la canción incita a la reflexión?,¿Escucharías esta canción otra vez?,¿Cómo te has sentido durante la canción?,¿Crees que la canción incita a la reflexión?,¿Escucharías esta canción otra vez?,¿Cómo te has sentido durante la canción?,¿Crees que la canción incita a la reflexión?,¿Escucharías esta canción otra vez?,¿Cómo te has sentido durante la canción?,¿Crees que la canción incita a la reflexión?,¿Escucharías esta canción otra vez?,¿Cómo te has sentido durante la canción?,¿Crees que la canción incita a la reflexión?,¿Escucharías esta canción otra vez?,¿Cómo te has sentido durante la canción?,¿Crees que la canción incita a la reflexión?,¿Escucharías esta canción otra vez?,¿Cómo te has sentido durante la canción?,¿Crees que la canción incita a la reflexión?,¿Escucharías esta canción otra vez?,¿Cómo te has sentido durante la canción?,¿Crees que la canción incita a la reflexión?,¿Escucharías esta canción otra vez?,¿Cómo te has sentido durante la canción?,¿Crees que la canción incita a la reflexión?,¿Escucharías esta canción otra vez?,¿Cómo te has sentido durante la canción?,¿Crees que la canción incita a la reflexión?,¿Escucharías esta canción otra vez?,¿Cómo te has sentido durante la canción?,¿Crees que la canción incita a la reflexión?,¿Escucharías esta canción otra vez?,¿Cómo te has sentido durante la canción?,¿Crees que la canción incita a la reflexión?,¿Escucharías esta canción otra vez?,¿Cómo te has sentido durante la canción?,¿Crees que la canción incita a la reflexión?,¿Escucharías esta canción otra vez?,¿Cómo te has sentido durante la canción?,¿Crees que la canción incita a la reflexión?,¿Escucharías esta canción otra vez?,¿Cómo te has sentido durante la canción?,¿Crees que la canción incita a la reflexión?,¿Escucharías esta canción otra vez?,¿Como te has sentido durante la canción?,¿Crees que la canción incita a la reflexión?,¿Escucharías esta canción otra vez?,¿Cómo te has sentido durante la canción?,¿Crees que la canción incita a la reflexión?,¿Escucharías esta canción otra vez?,¿Cómo te has sentido durante la canción?,¿Crees que la canción incita a la reflexión?,¿Escucharías esta canción otra vez?,¿Cómo te has sentido durante la canción?,¿Crees que la canción incita a la reflexión?,¿Escucharías esta canción otra vez?,¿Cómo te has sentido durante la canción?,¿Crees que la canción incita a la reflexión?,¿Escucharías esta canción otra vez?
02/09/2020 15:18:21,Sí,,Barcelona,Cansado,CASILLA7,,,,,,,,,,,,,,,,,,,,,,Sereno,Sí,Sí,,,,,,,,,,,,,,,,,,,,,,,,,Tenso,No,No,,,,,,,,,,,,,,,,,,,,,,,,,Encantado,No,Sí,,,,,,,,,,,,,,,,,,,,,,,,,Melancólico,Sí,Sí,,,
02/09/2020 18:51:04,Sí,,Barcelona,Cansado,CASILLA1283,,,,,,,,,,,,,,,,,,,,,,Calmado,No,Sí,,,,,,,,,,,,,,,,,,,,,,,,,Tenso,No,No,,,,,,,,,,,,,,,,,,,,,,,,,Encantado,No,Sí,,,,,,,,,,,,,,,,,,,,,,,,,Melancólico,Sí,Sí,,,
02/09/2020 18:52:28,Sí,,Barcelona,"Aburrido, Cansado",CASILLA2883,,,,,,,,,,,,,,,,"Encantado, Calmado",Sí,Sí,,,,,,,,,,,,,,,,,,,,,,,,,Calmado,No,No,,,,,,,,,,,,,,,,,,,,,,,,,"Alarmado, Triste",Sí,No,,,,,,,,,,,,,,,,,,,,,,,,,"Triste, Encantado, Adormecido",Sí,Sí,,,,,,,,,
02/09/2020 18:55:23,Sí,,Barcelona,Relajado,CASILLA9273,,,,,,,,,,,,,Sereno,No,No,,,,,,,,,,,,,,,,,,,,,,,,,Encantado,No,Sí,,,,,,,,,,,,,,,,,,,,,,,,,Feliz,Sí,Sí,,,,,,,,,,,,,,,,,,,,,,,,,Cansado,No,No,,,,,,,,,,,,
02/09/2020 18:55:44,Sí,,Barcelona,Alegre,CASILLA9273,,,,,,,,,,,,,Sereno,Sí,No,,,,,,,,,,,,,,,,,,,,,,,,,Aburrido,No,No,,,,,,,,,,,,,,,,,,,,,,,,,Feliz,No,No,,,,,,,,,,,,,,,,,,,,,,,,,Sereno,Sí,No,,,,,,,,,,,,
02/09/2020 18:57:14,Sí,,Barcelona,"Triste, Aburrido, Relajado",CASILLA8721,,,,,,,,,,,,,,,,,,,,,,,,,"Asombrado, Muy satisfecho, A gusto",No,Sí,,,,,,,,,,,,,,,,,,,,,,,,,"Encantado, A gusto",No,Sí,,,,,,,,,,,,,,,,,,,,,,,,,"Satisfecho, Emocionado",Sí,Sí,,,,,,,,,,,,,,,,,,,,,,,,,"Deprimido, Relajado",Sí,Sí
02/09/2020 19:00:02,Sí,,Huesca,Cansado,CASILLA2883,,,,,,,,,,,,,,,,Calmado,Sí,Sí,,,,,,,,,,,,,,,,,,,,,,,,,Excitado,No,No,,,,,,,,,,,,,,,,,,,,,,,,,Triste,No,No,,,,,,,,,,,,,,,,,,,,,,,,,Adormecido,No,No,,,,,,,,,
02/09/2020 19:02:27,Sí,,Barcelona,"Feliz, Alegre",CASILLA2883,,,,,,,,,,,,,,,,Calmado,Sí,No,,,,,,,,,,,,,,,,,,,,,,,,,"Excitado, Calmado",No,Sí,,,,,,,,,,,,,,,,,,,,,,,,,Encantado,No,No,,,,,,,,,,,,,,,,,,,,,,,,,Muy satisfecho,Sí,Sí,,,,,,,,,
02/09/2020 19:03:11,Sí,,Barcelona,Feliz,CASILLA9381,,,,Contento,No,No,,,,,,,,,,,,,,,,,,,,,,,,,A gusto,No,Sí,,,,,,,,,,,,,,,,,,,,,,,,,Sereno,No,No,,,,,,,,,,,,,,,,,,,,,,,,,Adormecido,No,No,,,,,,,,,,,,,,,,,,,,,
02/09/2020 19:03:20,Sí,,Barcelona,Relajado,CASILLA1283,,,,,,,,,,,,,,,,,,,,,,Calmado,Sí,Sí,,,,,,,,,,,,,,,,,,,,,,,,,Tenso,No,No,,,,,,,,,,,,,,,,,,,,,,,,,Asombrado,No,No,,,,,,,,,,,,,,,,,,,,,,,,,Melancólico,Sí,No,,,
02/09/2020 19:04:48,Sí,,Barcelona,Frustrado,CASILLA1283,,,,,,,,,,,,,,,,,,,,,,"Sereno, Calmado",No,No,,,,,,,,,,,,,,,,,,,,,,,,,Asombrado,No,No,,,,,,,,,,,,,,,,,,,,,,,,,Contento,No,No,,,,,,,,,,,,,,,,,,,,,,,,,Melancólico,Sí,Sí,,,
02/09/2020 19:06:34,Sí,,Barcelona,Frustrado,CASILLA8637,,,,,,,Sereno,Sí,Sí,,,,,,,,,,,,,,,,,,,,,,,,,"Asombrado, Satisfecho",No,Sí,,,,,,,,,,,,,,,,,,,,,,,,,Marchito,Sí,No,,,,,,,,,,,,,,,,,,,,,,,,,"Melancólico, Encantado, Calmado",Sí,Sí,,,,,,,,,,,,,,,,,,
02/09/2020 19:06:38,Sí,,Barcelona,Frustrado,CASILLA8637,,,,,,,Sereno,Sí,Sí,,,,,,,,,,,,,,,,,,,,,,,,,"Asombrado, Satisfecho",No,Sí,,,,,,,,,,,,,,,,,,,,,,,,,Marchito,Sí,No,,,,,,,,,,,,,,,,,,,,,,,,,"Melancólico, Encantado, Calmado",Sí,Sí,,,,,,,,,,,,,,,,,,
02/09/2020 19:06:47,Sí,,Barcelona,"Feliz, Relajado",CASILLA8721,,,,,,,,,,,,,,,,,,,,,,,,,Tenso,No,No,,,,,,,,,,,,,,,,,,,,,,,,,Sereno,Sí,Sí,,,,,,,,,,,,,,,,,,,,,,,,,Satisfecho,No,No,,,,,,,,,,,,,,,,,,,,,,,,,Deprimido,No,No
02/09/2020 19:07:25,Sí,,Barcelona,"Aburrido, Cansado, Relajado, Alegre",CASILLA8637,,,,,,,Tenso,No,No,,,,,,,,,,,,,,,,,,,,,,,,,Asombrado,No,Sí,,,,,,,,,,,,,,,,,,,,,,,,,Alarmado,No,No,,,,,,,,,,,,,,,,,,,,,,,,,Melancólico,Sí,No,,,,,,,,,,,,,,,,,,
02/09/2020 19:09:04,Sí,,Barcelona,Relajado,CASILLA7263,,,,,,,,,,A gusto,No,No,,,,,,,,,,,,,,,,,,,,,,,,,Calmado,No,No,,,,,,,,,,,,,,,,,,,,,,,,,Calmado,No,No,,,,,,,,,,,,,,,,,,,,,,,,,Satisfecho,No,No,,,,,,,,,,,,,,,
02/09/2020 19:10:11,Sí,,Barcelona,Relajado,CASILLA2883,,,,,,,,,,,,,,,,Calmado,No,Sí,,,,,,,,,,,,,,,,,,,,,,,,,Calmado,Sí,Sí,,,,,,,,,,,,,,,,,,,,,,,,,Encantado,No,No,,,,,,,,,,,,,,,,,,,,,,,,,Adormecido,No,No,,,,,,,,,
02/09/2020 19:13:32,Sí,,Santander,Emocionado,CASILLA9381,,,,Cansado,No,No,,,,,,,,,,,,,,,,,,,,,,,,,Tenso,No,No,,,,,,,,,,,,,,,,,,,,,,,,,Sereno,No,No,,,,,,,,,,,,,,,,,,,,,,,,,Adormecido,No,No,,,,,,,,,,,,,,,,,,,,,
02/09/2020 19:15:02,Sí,,Barcelona,"Feliz, Relajado",CASILLA9273,,,,,,,,,,,,,Angustiado,No,No,,,,,,,,,,,,,,,,,,,,,,,,,Aburrido,No,No,,,,,,,,,,,,,,,,,,,,,,,,,Emocionado,Sí,Sí,,,,,,,,,,,,,,,,,,,,,,,,,Angustiado,No,No,,,,,,,,,,,,
02/09/2020 19:17:17,Sí,,Barcelona,"Feliz, Alegre",CASILLA9273,,,,,,,,,,,,,Sereno,No,No,,,,,,,,,,,,,,,,,,,,,,,,,Muy satisfecho,No,Sí,,,,,,,,,,,,,,,,,,,,,,,,,Satisfecho,Sí,No,,,,,,,,,,,,,,,,,,,,,,,,,Muy satisfecho,Sí,No,,,,,,,,,,,,
02/09/2020 19:17:46,Sí,,Barcelona,Alegre,CASILLA9273,,,,,,,,,,,,,Sereno,Sí,Sí,,,,,,,,,,,,,,,,,,,,,,,,,Asombrado,Sí,No,,,,,,,,,,,,,,,,,,,,,,,,,Satisfecho,No,Sí,,,,,,,,,,,,,,,,,,,,,,,,,"Asombrado, Sereno",Sí,No,,,,,,,,,,,,
02/09/2020 19:20:59,Sí,,Barcelona,Cansado,CASILLA8637,,,,,,,Sereno,No,No,,,,,,,,,,,,,,,,,,,,,,,,,Satisfecho,No,Sí,,,,,,,,,,,,,,,,,,,,,,,,,Marchito,Sí,No,,,,,,,,,,,,,,,,,,,,,,,,,Relajado,Sí,Sí,,,,,,,,,,,,,,,,,,
02/09/2020 19:22:33,Sí,,Barcelona,Tenso,CASILLA2371,,,,,,,,,,,,,,,,,,,Asombrado,Sí,Sí,,,,,,,,,,,,,,,,,,,,,,,,,Irritado,Sí,No,,,,,,,,,,,,,,,,,,,,,,,,,Emocionado,Sí,Sí,,,,,,,,,,,,,,,,,,,,,,,,,Emocionado,No,Sí,,,,,,
02/09/2020 19:27:37,Sí,,Barcelona,"Cansado, Alegre",CASILLA1283,,,,,,,,,,,,,,,,,,,,,,Calmado,Sí,Sí,,,,,,,,,,,,,,,,,,,,,,,,,Tenso,No,No,,,,,,,,,,,,,,,,,,,,,,,,,Enfadado,No,No,,,,,,,,,,,,,,,,,,,,,,,,,Alarmado,No,No,,,
02/09/2020 19:31:15,Sí,,Barcelona,Relajado,CASILLA3298,Sereno,No,Sí,,,,,,,,,,,,,,,,,,,,,,,,,Melancólico,Sí,Sí,,,,,,,,,,,,,,,,,,,,,,,,,Excitado,No,No,,,,,,,,,,,,,,,,,,,,,,,,,Marchito,Sí,No,,,,,,,,,,,,,,,,,,,,,,,,
02/09/2020 19:32:18,Sí,,Barcelona,Feliz,CASILLA7263,,,,,,,,,,Tenso,No,No,,,,,,,,,,,,,,,,,,,,,,,,,Aburrido,No,No,,,,,,,,,,,,,,,,,,,,,,,,,Satisfecho,No,No,,,,,,,,,,,,,,,,,,,,,,,,,Irritado,No,No,,,,,,,,,,,,,,,
02/09/2020 19:33:59,Sí,,Huesca,Feliz,CASILLA9273,,,,,,,,,,,,,Angustiado,No,No,,,,,,,,,,,,,,,,,,,,,,,,,Encantado,No,No,,,,,,,,,,,,,,,,,,,,,,,,,Satisfecho,No,No,,,,,,,,,,,,,,,,,,,,,,,,,"Angustiado, Asombrado",No,No,,,,,,,,,,,,
02/09/2020 20:00:01,Sí,,Barcelona,"Cansado, Alegre",CASILLA7263,,,,,,,,,,Tenso,No,No,,,,,,,,,,,,,,,,,,,,,,,,,"Relajado, Calmado",Sí,Sí,,,,,,,,,,,,,,,,,,,,,,,,,"Angustiado, Melancólico",No,No,,,,,,,,,,,,,,,,,,,,,,,,,"Asombrado, Alegre, Satisfecho",No,No,,,,,,,,,,,,,,,
02/09/2020 20:02:20,Sí,,Barcelona,Feliz,CASILLA1283,,,,,,,,,,,,,,,,,,,,,,Asombrado,No,No,,,,,,,,,,,,,,,,,,,,,,,,,Tenso,No,No,,,,,,,,,,,,,,,,,,,,,,,,,Asombrado,No,No,,,,,,,,,,,,,,,,,,,,,,,,,Melancólico,Sí,Sí,,,
02/09/2020 20:21:55,Sí,,Barcelona,Relajado,CASILLA2371,,,,,,,,,,,,,,,,,,,Asombrado,Sí,Sí,,,,,,,,,,,,,,,,,,,,,,,,,Satisfecho,Sí,No,,,,,,,,,,,,,,,,,,,,,,,,,Relajado,No,No,,,,,,,,,,,,,,,,,,,,,,,,,Satisfecho,Sí,Sí,,,,,,
02/09/2020 20:23:05,Sí,,Barcelona,Alegre,CASILLA7263,,,,,,,,,,A gusto,No,Sí,,,,,,,,,,,,,,,,,,,,,,,,,Aburrido,No,No,,,,,,,,,,,,,,,,,,,,,,,,,Encantado,No,Sí,,,,,,,,,,,,,,,,,,,,,,,,,Satisfecho,No,Sí,,,,,,,,,,,,,,,
02/09/2020 20:29:09,Sí,,Barcelona,Cansado,CASILLA9381,,,,Feliz,Sí,Sí,,,,,,,,,,,,,,,,,,,,,,,,,Tenso,No,No,,,,,,,,,,,,,,,,,,,,,,,,,Marchito,No,No,,,,,,,,,,,,,,,,,,,,,,,,,Encantado,No,No,,,,,,,,,,,,,,,,,,,,,
02/09/2020 20:33:25,Sí,,Barcelona,Cansado,CASILLA3298,Cansado,No,No,,,,,,,,,,,,,,,,,,,,,,,,,"Melancólico, Encantado, A gusto",Sí,Sí,,,,,,,,,,,,,,,,,,,,,,,,,Alarmado,No,No,,,,,,,,,,,,,,,,,,,,,,,,,Frustrado,No,No,,,,,,,,,,,,,,,,,,,,,,,,
02/09/2020 20:37:55,Sí,,Barcelona,"Emocionado, Tenso",CASILLA2883,,,,,,,,,,,,,,,,Calmado,Sí,Sí,,,,,,,,,,,,,,,,,,,,,,,,,"Melancólico, Calmado",Sí,No,,,,,,,,,,,,,,,,,,,,,,,,,A gusto,No,No,,,,,,,,,,,,,,,,,,,,,,,,,Encantado,Sí,Sí,,,,,,,,,
02/09/2020 20:38:42,Sí,,Barcelona,Relajado,CASILLA9381,,,,Cansado,No,No,,,,,,,,,,,,,,,,,,,,,,,,,Tenso,No,No,,,,,,,,,,,,,,,,,,,,,,,,,Enfadado,No,No,,,,,,,,,,,,,,,,,,,,,,,,,Enfadado,No,No,,,,,,,,,,,,,,,,,,,,,
02/09/2020 20:39:11,Sí,,Barcelona,Relajado,CASILLA9273,,,,,,,,,,,,,Angustiado,No,No,,,,,,,,,,,,,,,,,,,,,,,,,Aburrido,No,No,,,,,,,,,,,,,,,,,,,,,,,,,"Satisfecho, Alegre",Sí,Sí,,,,,,,,,,,,,,,,,,,,,,,,,"Asombrado, Sereno",Sí,No,,,,,,,,,,,,
02/09/2020 20:41:25,Sí,,Barcelona,Relajado,CASILLA8721,,,,,,,,,,,,,,,,,,,,,,,,,Asombrado,Sí,Sí,,,,,,,,,,,,,,,,,,,,,,,,,Tenso,No,No,,,,,,,,,,,,,,,,,,,,,,,,,Alegre,Sí,Sí,,,,,,,,,,,,,,,,,,,,,,,,,Sereno,No,No
02/09/2020 20:43:35,Sí,,Barcelona,Cansado,CASILLA8721,,,,,,,,,,,,,,,,,,,,,,,,,A gusto,Sí,Sí,,,,,,,,,,,,,,,,,,,,,,,,,Sereno,No,No,,,,,,,,,,,,,,,,,,,,,,,,,Satisfecho,Sí,Sí,,,,,,,,,,,,,,,,,,,,,,,,,Deprimido,No,No
02/09/2020 20:47:55,Sí,,Barcelona,Alegre,CASILLA8721,,,,,,,,,,,,,,,,,,,,,,,,,Asombrado,No,No,,,,,,,,,,,,,,,,,,,,,,,,,Tenso,No,No,,,,,,,,,,,,,,,,,,,,,,,,,Satisfecho,Sí,Sí,,,,,,,,,,,,,,,,,,,,,,,,,Relajado,Sí,Sí
02/09/2020 20:49:47,Sí,,Barcelona,"Frustrado, Cansado",CASILLA8721,,,,,,,,,,,,,,,,,,,,,,,,,Tenso,No,No,,,,,,,,,,,,,,,,,,,,,,,,,Deprimido,No,No,,,,,,,,,,,,,,,,,,,,,,,,,Miserable,No,No,,,,,,,,,,,,,,,,,,,,,,,,,Deprimido,No,No
02/09/2020 20:51:49,Sí,,Barcelona,"Tenso, Frustrado, Cansado",CASILLA1283,,,,,,,,,,,,,,,,,,,,,,Asustado,No,No,,,,,,,,,,,,,,,,,,,,,,,,,Tenso,No,No,,,,,,,,,,,,,,,,,,,,,,,,,Contento,No,No,,,,,,,,,,,,,,,,,,,,,,,,,Melancólico,Sí,Sí,,,
02/09/2020 21:19:33,Sí,,Barcelona,"Cansado, Relajado",CASILLA9381,,,,Muy satisfecho,Sí,No,,,,,,,,,,,,,,,,,,,,,,,,,A gusto,No,Sí,,,,,,,,,,,,,,,,,,,,,,,,,Sereno,No,No,,,,,,,,,,,,,,,,,,,,,,,,,Adormecido,No,No,,,,,,,,,,,,,,,,,,,,,
02/09/2020 21:19:48,Sí,,Barcelona,Relajado,CASILLA8637,,,,,,,Tenso,No,No,,,,,,,,,,,,,,,,,,,,,,,,,Adormecido,No,No,,,,,,,,,,,,,,,,,,,,,,,,,Asombrado,No,No,,,,,,,,,,,,,,,,,,,,,,,,,Relajado,No,No,,,,,,,,,,,,,,,,,,
02/09/2020 21:31:27,Sí,,Barcelona,Cansado,CASILLA8721,,,,,,,,,,,,,,,,,,,,,,,,,Tenso,No,No,,,,,,,,,,,,,,,,,,,,,,,,,A gusto,No,No,,,,,,,,,,,,,,,,,,,,,,,,,Satisfecho,No,Sí,,,,,,,,,,,,,,,,,,,,,,,,,Irritado,No,No
02/09/2020 21:36:10,Sí,,Barcelona,Deprimido,CASILLA1283,,,,,,,,,,,,,,,,,,,,,,Calmado,No,No,,,,,,,,,,,,,,,,,,,,,,,,,Asombrado,No,No,,,,,,,,,,,,,,,,,,,,,,,,,Encantado,No,Sí,,,,,,,,,,,,,,,,,,,,,,,,,Melancólico,Sí,Sí,,,
02/09/2020 21:36:45,Sí,,Barcelona,Triste,CASILLA1283,,,,,,,,,,,,,,,,,,,,,,Sereno,Sí,Sí,,,,,,,,,,,,,,,,,,,,,,,,,"Asombrado, Tenso",No,No,,,,,,,,,,,,,,,,,,,,,,,,,"Encantado, Contento",No,No,,,,,,,,,,,,,,,,,,,,,,,,,Melancólico,Sí,Sí,,,
02/09/2020 21:41:15,Sí,,Barcelona,"Frustrado, Aburrido, Cansado",CASILLA3298,"Frustrado, Cansado",No,Sí,,,,,,,,,,,,,,,,,,,,,,,,,A gusto,Sí,No,,,,,,,,,,,,,,,,,,,,,,,,,Alarmado,No,No,,,,,,,,,,,,,,,,,,,,,,,,,Frustrado,No,No,,,,,,,,,,,,,,,,,,,,,,,,
02/09/2020 21:41:32,Sí,,Barcelona,Alegre,CASILLA3298,Frustrado,No,No,,,,,,,,,,,,,,,,,,,,,,,,,Alegre,No,No,,,,,,,,,,,,,,,,,,,,,,,,,Excitado,No,No,,,,,,,,,,,,,,,,,,,,,,,,,Marchito,No,No,,,,,,,,,,,,,,,,,,,,,,,,
02/09/2020 21:41:58,Sí,,Barcelona,"Feliz, Relajado, Alegre",CASILLA9273,,,,,,,,,,,,,Angustiado,No,No,,,,,,,,,,,,,,,,,,,,,,,,,Encantado,No,No,,,,,,,,,,,,,,,,,,,,,,,,,Satisfecho,Sí,No,,,,,,,,,,,,,,,,,,,,,,,,,Asombrado,No,No,,,,,,,,,,,,
02/09/2020 21:43:14,Sí,,Barcelona,Relajado,CASILLA9273,,,,,,,,,,,,,Angustiado,No,No,,,,,,,,,,,,,,,,,,,,,,,,,Aburrido,No,No,,,,,,,,,,,,,,,,,,,,,,,,,Satisfecho,No,No,,,,,,,,,,,,,,,,,,,,,,,,,Asombrado,Sí,No,,,,,,,,,,,,
02/09/2020 21:45:48,Sí,,Barcelona,Cansado,CASILLA2883,,,,,,,,,,,,,,,,Calmado,Sí,Sí,,,,,,,,,,,,,,,,,,,,,,,,,"Alegre, Calmado",No,Sí,,,,,,,,,,,,,,,,,,,,,,,,,Calmado,No,No,,,,,,,,,,,,,,,,,,,,,,,,,Adormecido,No,No,,,,,,,,,
02/09/2020 21:46:25,Sí,,Barcelona,Relajado,CASILLA1283,,,,,,,,,,,,,,,,,,,,,,Calmado,Sí,Sí,,,,,,,,,,,,,,,,,,,,,,,,,Tenso,No,No,,,,,,,,,,,,,,,,,,,,,,,,,Asombrado,No,No,,,,,,,,,,,,,,,,,,,,,,,,,Feliz,Sí,Sí,,,
02/09/2020 21:47:40,Sí,,Barcelona,Feliz,CASILLA8637,,,,,,,Triste,No,No,,,,,,,,,,,,,,,,,,,,,,,,,Asombrado,No,No,,,,,,,,,,,,,,,,,,,,,,,,,Marchito,No,No,,,,,,,,,,,,,,,,,,,,,,,,,Encantado,Sí,Sí,,,,,,,,,,,,,,,,,,
02/09/2020 21:48:24,Sí,,Barcelona,Relajado,CASILLA8637,,,,,,,Tenso,No,No,,,,,,,,,,,,,,,,,,,,,,,,,Feliz,No,Sí,,,,,,,,,,,,,,,,,,,,,,,,,Asombrado,No,No,,,,,,,,,,,,,,,,,,,,,,,,,Melancólico,Sí,No,,,,,,,,,,,,,,,,,,
02/09/2020 21:49:18,Sí,,Barcelona,Relajado,CASILLA8721,,,,,,,,,,,,,,,,,,,,,,,,,Tenso,Sí,No,,,,,,,,,,,,,,,,,,,,,,,,,Feliz,Sí,Sí,,,,,,,,,,,,,,,,,,,,,,,,,Satisfecho,Sí,Sí,,,,,,,,,,,,,,,,,,,,,,,,,Sereno,Sí,No
02/09/2020 21:52:36,Sí,,Barcelona,Relajado,CASILLA2371,,,,,,,,,,,,,,,,,,,Deprimido,No,No,,,,,,,,,,,,,,,,,,,,,,,,,Irritado,No,No,,,,,,,,,,,,,,,,,,,,,,,,,Cansado,No,No,,,,,,,,,,,,,,,,,,,,,,,,,Satisfecho,Sí,No,,,,,,
02/09/2020 21:52:56,Sí,,Barcelona,"Frustrado, Relajado",CASILLA8721,,,,,,,,,,,,,,,,,,,,,,,,,A gusto,No,No,,,,,,,,,,,,,,,,,,,,,,,,,A gusto,No,Sí,,,,,,,,,,,,,,,,,,,,,,,,,Satisfecho,Sí,Sí,,,,,,,,,,,,,,,,,,,,,,,,,Asombrado,No,No
02/09/2020 21:59:12,Sí,,Barcelona,"Feliz, Relajado",CASILLA9381,,,,Angustiado,No,No,,,,,,,,,,,,,,,,,,,,,,,,,Tenso,No,Sí,,,,,,,,,,,,,,,,,,,,,,,,,Sereno,No,No,,,,,,,,,,,,,,,,,,,,,,,,,Enfadado,No,No,,,,,,,,,,,,,,,,,,,,,
02/09/2020 21:59:23,Sí,,Barcelona,"Feliz, Cansado, Relajado",CASILLA8637,,,,,,,Sereno,Sí,No,,,,,,,,,,,,,,,,,,,,,,,,,Asombrado,No,No,,,,,,,,,,,,,,,,,,,,,,,,,Marchito,Sí,No,,,,,,,,,,,,,,,,,,,,,,,,,Relajado,Sí,No,,,,,,,,,,,,,,,,,,
02/09/2020 22:00:58,Sí,,Barcelona,Cansado,CASILLA3298,Frustrado,No,No,,,,,,,,,,,,,,,,,,,,,,,,,A gusto,No,No,,,,,,,,,,,,,,,,,,,,,,,,,Calmado,No,No,,,,,,,,,,,,,,,,,,,,,,,,,Relajado,Sí,No,,,,,,,,,,,,,,,,,,,,,,,,
02/09/2020 22:03:46,Sí,,Barcelona,Feliz,CASILLA2371,,,,,,,,,,,,,,,,,,,Asombrado,No,Sí,,,,,,,,,,,,,,,,,,,,,,,,,Excitado,No,No,,,,,,,,,,,,,,,,,,,,,,,,,Contento,Sí,Sí,,,,,,,,,,,,,,,,,,,,,,,,,Emocionado,Sí,Sí,,,,,,
02/09/2020 22:08:16,Sí,,Barcelona,Feliz,CASILLA9381,,,,Contento,Sí,No,,,,,,,,,,,,,,,,,,,,,,,,,Tenso,No,No,,,,,,,,,,,,,,,,,,,,,,,,,Sereno,No,No,,,,,,,,,,,,,,,,,,,,,,,,,Emocionado,No,No,,,,,,,,,,,,,,,,,,,,,
02/09/2020 22:16:29,Sí,,Barcelona,Feliz,CASILLA9273,,,,,,,,,,,,,Sereno,No,No,,,,,,,,,,,,,,,,,,,,,,,,,Asombrado,No,Sí,,,,,,,,,,,,,,,,,,,,,,,,,Feliz,Sí,No,,,,,,,,,,,,,,,,,,,,,,,,,Sereno,No,No,,,,,,,,,,,,
02/09/2020 22:20:59,Sí,,Barcelona,"Feliz, Alegre",CASILLA7263,,,,,,,,,,A gusto,No,No,,,,,,,,,,,,,,,,,,,,,,,,,Asustado,No,No,,,,,,,,,,,,,,,,,,,,,,,,,Angustiado,No,No,,,,,,,,,,,,,,,,,,,,,,,,,"Asombrado, Irritado, Triste",No,No,,,,,,,,,,,,,,,
02/09/2020 22:21:50,Sí,,Barcelona,"Cansado, Relajado",CASILLA8637,,,,,,,Sereno,Sí,Sí,,,,,,,,,,,,,,,,,,,,,,,,,Satisfecho,No,Sí,,,,,,,,,,,,,,,,,,,,,,,,,Marchito,No,No,,,,,,,,,,,,,,,,,,,,,,,,,Melancólico,No,No,,,,,,,,,,,,,,,,,,
02/09/2020 22:27:52,Sí,,Barcelona,"Feliz, Aburrido, Cansado, Relajado",CASILLA8721,,,,,,,,,,,,,,,,,,,,,,,,,Tenso,Sí,Sí,,,,,,,,,,,,,,,,,,,,,,,,,A gusto,Sí,Sí,,,,,,,,,,,,,,,,,,,,,,,,,Alegre,Sí,Sí,,,,,,,,,,,,,,,,,,,,,,,,,Irritado,Sí,No
02/09/2020 22:39:38,Sí,,Barcelona,"Aburrido, Cansado",CASILLA7263,,,,,,,,,,A gusto,Sí,No,,,,,,,,,,,,,,,,,,,,,,,,,Aburrido,No,No,,,,,,,,,,,,,,,,,,,,,,,,,Calmado,Sí,Sí,,,,,,,,,,,,,,,,,,,,,,,,,Irritado,No,No,,,,,,,,,,,,,,,
02/09/2020 22:52:39,Sí,,Santander,Cansado,CASILLA9381,,,,Cansado,Sí,No,,,,,,,,,,,,,,,,,,,,,,,,,Marchito,No,No,,,,,,,,,,,,,,,,,,,,,,,,,Enfadado,No,No,,,,,,,,,,,,,,,,,,,,,,,,,Adormecido,No,No,,,,,,,,,,,,,,,,,,,,,
02/09/2020 22:54:48,Sí,,Barcelona,Cansado,CASILLA9381,,,,Cansado,No,No,,,,,,,,,,,,,,,,,,,,,,,,,Tenso,No,No,,,,,,,,,,,,,,,,,,,,,,,,,Marchito,No,No,,,,,,,,,,,,,,,,,,,,,,,,,"Enfadado, Deprimido",No,No,,,,,,,,,,,,,,,,,,,,,
02/09/2020 22:56:33,Sí,,Barcelona,Aburrido,CASILLA9273,,,,,,,,,,,,,Angustiado,No,No,,,,,,,,,,,,,,,,,,,,,,,,,Encantado,No,Sí,,,,,,,,,,,,,,,,,,,,,,,,,Alegre,Sí,Sí,,,,,,,,,,,,,,,,,,,,,,,,,"Emocionado, Sereno",Sí,Sí,,,,,,,,,,,,
02/09/2020 23:04:36,Sí,,Barcelona,"Cansado, Relajado",CASILLA7263,,,,,,,,,,"Excitado, A gusto",Sí,Sí,,,,,,,,,,,,,,,,,,,,,,,,,"Aburrido, Relajado, Calmado",Sí,No,,,,,,,,,,,,,,,,,,,,,,,,,"Encantado, Excitado, Satisfecho",No,Sí,,,,,,,,,,,,,,,,,,,,,,,,,"Alegre, Emocionado, Satisfecho",Sí,Sí,,,,,,,,,,,,,,,
02/09/2020 23:10:16,Sí,,Barcelona,"Feliz, Emocionado, Tenso, Aburrido, Relajado",CASILLA7263,,,,,,,,,,A gusto,No,No,,,,,,,,,,,,,,,,,,,,,,,,,Aburrido,No,No,,,,,,,,,,,,,,,,,,,,,,,,,"Melancólico, Calmado, Satisfecho",Sí,Sí,,,,,,,,,,,,,,,,,,,,,,,,,"Asombrado, Alegre, Satisfecho",No,Sí,,,,,,,,,,,,,,,
03/09/2020 00:04:21,Sí,,Barcelona,"Feliz, Alegre",CASILLA3298,"Encantado, Feliz",No,Sí,,,,,,,,,,,,,,,,,,,,,,,,,Melancólico,No,No,,,,,,,,,,,,,,,,,,,,,,,,,Calmado,No,No,,,,,,,,,,,,,,,,,,,,,,,,,"Marchito, Relajado",Sí,No,,,,,,,,,,,,,,,,,,,,,,,,
03/09/2020 08:17:32,Sí,,Barcelona,Relajado,CASILLA1283,,,,,,,,,,,,,,,,,,,,,,Sereno,No,No,,,,,,,,,,,,,,,,,,,,,,,,,Asombrado,No,No,,,,,,,,,,,,,,,,,,,,,,,,,Asombrado,No,No,,,,,,,,,,,,,,,,,,,,,,,,,Feliz,Sí,Sí,,,
03/09/2020 09:02:39,Sí,,Lleida,"Tenso, Cansado",CASILLA3298,Frustrado,No,Sí,,,,,,,,,,,,,,,,,,,,,,,,,A gusto,Sí,Sí,,,,,,,,,,,,,,,,,,,,,,,,,Encantado,No,Sí,,,,,,,,,,,,,,,,,,,,,,,,,Relajado,Sí,Sí,,,,,,,,,,,,,,,,,,,,,,,,
03/09/2020 09:04:26,Sí,,Lleida,"Frustrado, Cansado",CASILLA2371,,,,,,,,,,,,,,,,,,,Asombrado,No,No,,,,,,,,,,,,,,,,,,,,,,,,,Asombrado,No,No,,,,,,,,,,,,,,,,,,,,,,,,,Relajado,Sí,Sí,,,,,,,,,,,,,,,,,,,,,,,,,Satisfecho,Sí,Sí,,,,,,
03/09/2020 09:13:05,Sí,,Lleida,Relajado,CASILLA8637,,,,,,,Sereno,Sí,Sí,,,,,,,,,,,,,,,,,,,,,,,,,Feliz,No,Sí,,,,,,,,,,,,,,,,,,,,,,,,,Marchito,Sí,No,,,,,,,,,,,,,,,,,,,,,,,,,Melancólico,Sí,Sí,,,,,,,,,,,,,,,,,,
03/09/2020 09:17:51,Sí,,Lleida,Tenso,CASILLA9273,,,,,,,,,,,,,Angustiado,No,No,,,,,,,,,,,,,,,,,,,,,,,,,Aburrido,No,No,,,,,,,,,,,,,,,,,,,,,,,,,Feliz,No,No,,,,,,,,,,,,,,,,,,,,,,,,,Sereno,No,No,,,,,,,,,,,,
03/09/2020 09:19:59,Sí,,Lleida,Tenso,CASILLA8637,,,,,,,Sereno,Sí,Sí,,,,,,,,,,,,,,,,,,,,,,,,,Satisfecho,No,Sí,,,,,,,,,,,,,,,,,,,,,,,,,Marchito,No,No,,,,,,,,,,,,,,,,,,,,,,,,,Melancólico,Sí,Sí,,,,,,,,,,,,,,,,,,
03/09/2020 09:26:45,Sí,,Lleida,Feliz,CASILLA3298,Encantado,No,Sí,,,,,,,,,,,,,,,,,,,,,,,,,A gusto,No,Sí,,,,,,,,,,,,,,,,,,,,,,,,,A gusto,No,No,,,,,,,,,,,,,,,,,,,,,,,,,Relajado,No,Sí,,,,,,,,,,,,,,,,,,,,,,,,
03/09/2020 09:28:47,Sí,,Lleida,Relajado,CASILLA3298,Sereno,No,No,,,,,,,,,,,,,,,,,,,,,,,,,"Alegre, Encantado, A gusto",No,Sí,,,,,,,,,,,,,,,,,,,,,,,,,"A gusto, Calmado",Sí,No,,,,,,,,,,,,,,,,,,,,,,,,,Relajado,No,No,,,,,,,,,,,,,,,,,,,,,,,,
03/09/2020 09:33:43,Sí,,Lleida,"Aburrido, Cansado",CASILLA8721,,,,,,,,,,,,,,,,,,,,,,,,,Tenso,No,No,,,,,,,,,,,,,,,,,,,,,,,,,A gusto,No,Sí,,,,,,,,,,,,,,,,,,,,,,,,,Satisfecho,No,Sí,,,,,,,,,,,,,,,,,,,,,,,,,"Relajado, Sereno",Sí,No
03/09/2020 09:34:43,Sí,,Lleida,Relajado,CASILLA2883,,,,,,,,,,,,,,,,Calmado,No,Sí,,,,,,,,,,,,,,,,,,,,,,,,,Calmado,No,No,,,,,,,,,,,,,,,,,,,,,,,,,A gusto,Sí,Sí,,,,,,,,,,,,,,,,,,,,,,,,,Muy satisfecho,Sí,Sí,,,,,,,,,
03/09/2020 09:35:15,Sí,,Lleida,Relajado,CASILLA8721,,,,,,,,,,,,,,,,,,,,,,,,,A gusto,Sí,No,,,,,,,,,,,,,,,,,,,,,,,,,A gusto,No,No,,,,,,,,,,,,,,,,,,,,,,,,,Satisfecho,Sí,No,,,,,,,,,,,,,,,,,,,,,,,,,Relajado,Sí,No
03/09/2020 09:41:15,Sí,,Huesca,"Emocionado, Alegre",CASILLA9273,,,,,,,,,,,,,Angustiado,No,No,,,,,,,,,,,,,,,,,,,,,,,,,Encantado,Sí,Sí,,,,,,,,,,,,,,,,,,,,,,,,,Alegre,Sí,Sí,,,,,,,,,,,,,,,,,,,,,,,,,Angustiado,No,No,,,,,,,,,,,,
03/09/2020 09:44:03,Sí,,Lleida,Aburrido,CASILLA2371,,,,,,,,,,,,,,,,,,,Asombrado,No,No,,,,,,,,,,,,,,,,,,,,,,,,,Cansado,Sí,No,,,,,,,,,,,,,,,,,,,,,,,,,Enfadado,Sí,No,,,,,,,,,,,,,,,,,,,,,,,,,Asustado,No,No,,,,,,
03/09/2020 09:44:07,Sí,,Lleida,Relajado,CASILLA8637,,,,,,,Sereno,Sí,Sí,,,,,,,,,,,,,,,,,,,,,,,,,Feliz,No,Sí,,,,,,,,,,,,,,,,,,,,,,,,,Alarmado,No,Sí,,,,,,,,,,,,,,,,,,,,,,,,,Calmado,No,No,,,,,,,,,,,,,,,,,,
03/09/2020 09:53:41,Sí,,Lleida,Tenso,CASILLA8637,,,,,,,Sereno,Sí,Sí,,,,,,,,,,,,,,,,,,,,,,,,,Satisfecho,No,No,,,,,,,,,,,,,,,,,,,,,,,,,Marchito,No,No,,,,,,,,,,,,,,,,,,,,,,,,,Melancólico,No,No,,,,,,,,,,,,,,,,,,
03/09/2020 10:10:43,Sí,,Lleida,Feliz,CASILLA7263,,,,,,,,,,Tenso,No,No,,,,,,,,,,,,,,,,,,,,,,,,,Relajado,Sí,No,,,,,,,,,,,,,,,,,,,,,,,,,Calmado,Sí,Sí,,,,,,,,,,,,,,,,,,,,,,,,,Satisfecho,Sí,Sí,,,,,,,,,,,,,,,
03/09/2020 10:16:38,Sí,,Lleida,Cansado,CASILLA2883,,,,,,,,,,,,,,,,"Adormecido, Calmado",Sí,Sí,,,,,,,,,,,,,,,,,,,,,,,,,"Feliz, Alegre",No,Sí,,,,,,,,,,,,,,,,,,,,,,,,,Alarmado,No,No,,,,,,,,,,,,,,,,,,,,,,,,,"Muy satisfecho, Adormecido",Sí,Sí,,,,,,,,,
03/09/2020 10:17:27,Sí,,Lleida,Feliz,CASILLA3298,Sereno,No,No,,,,,,,,,,,,,,,,,,,,,,,,,A gusto,Sí,No,,,,,,,,,,,,,,,,,,,,,,,,,A gusto,No,No,,,,,,,,,,,,,,,,,,,,,,,,,Marchito,No,No,,,,,,,,,,,,,,,,,,,,,,,,
03/09/2020 10:32:55,Sí,,Lleida,"Feliz, Relajado, Alegre",CASILLA9273,,,,,,,,,,,,,Angustiado,No,No,,,,,,,,,,,,,,,,,,,,,,,,,Encantado,No,Sí,,,,,,,,,,,,,,,,,,,,,,,,,Satisfecho,Sí,Sí,,,,,,,,,,,,,,,,,,,,,,,,,Sereno,Sí,Sí,,,,,,,,,,,,
03/09/2020 11:18:33,Sí,,Lleida,Relajado,CASILLA7263,,,,,,,,,,Tenso,No,No,,,,,,,,,,,,,,,,,,,,,,,,,Asustado,No,No,,,,,,,,,,,,,,,,,,,,,,,,,Encantado,Sí,Sí,,,,,,,,,,,,,,,,,,,,,,,,,Alegre,No,Sí,,,,,,,,,,,,,,,
03/09/2020 11:38:09,Sí,,Lleida,"Feliz, Frustrado, Cansado",CASILLA7263,,,,,,,,,,A gusto,Sí,Sí,,,,,,,,,,,,,,,,,,,,,,,,,Aburrido,No,No,,,,,,,,,,,,,,,,,,,,,,,,,Calmado,Sí,Sí,,,,,,,,,,,,,,,,,,,,,,,,,Alegre,No,Sí,,,,,,,,,,,,,,,
03/09/2020 11:42:00,Sí,,Lleida,"Feliz, Tenso, Frustrado",CASILLA9273,,,,,,,,,,,,,"Relajado, Sereno",No,No,,,,,,,,,,,,,,,,,,,,,,,,,Muy satisfecho,No,No,,,,,,,,,,,,,,,,,,,,,,,,,Alegre,Sí,No,,,,,,,,,,,,,,,,,,,,,,,,,"Angustiado, Cansado",No,No,,,,,,,,,,,,
03/09/2020 11:54:15,Sí,,Barcelona,Tenso,CASILLA2883,,,,,,,,,,,,,,,,Calmado,Sí,Sí,,,,,,,,,,,,,,,,,,,,,,,,,Calmado,No,No,,,,,,,,,,,,,,,,,,,,,,,,,A gusto,No,No,,,,,,,,,,,,,,,,,,,,,,,,,Encantado,Sí,Sí,,,,,,,,,
03/09/2020 12:02:03,Sí,,Barcelona,"Relajado, Alegre",CASILLA7263,,,,,,,,,,A gusto,No,Sí,,,,,,,,,,,,,,,,,,,,,,,,,"Aburrido, Calmado",Sí,No,,,,,,,,,,,,,,,,,,,,,,,,,Angustiado,No,No,,,,,,,,,,,,,,,,,,,,,,,,,"Alegre, Satisfecho",No,Sí,,,,,,,,,,,,,,,
03/09/2020 12:10:42,Sí,,Lleida,"Aburrido, Relajado",CASILLA8721,,,,,,,,,,,,,,,,,,,,,,,,,A gusto,No,No,,,,,,,,,,,,,,,,,,,,,,,,,"Encantado, A gusto",Sí,Sí,,,,,,,,,,,,,,,,,,,,,,,,,Alegre,No,No,,,,,,,,,,,,,,,,,,,,,,,,,Relajado,Sí,No
03/09/2020 12:42:44,Sí,,Barcelona,"Aburrido, Cansado",CASILLA7263,,,,,,,,,,A gusto,Sí,No,,,,,,,,,,,,,,,,,,,,,,,,,Aburrido,No,No,,,,,,,,,,,,,,,,,,,,,,,,,Calmado,Sí,Sí,,,,,,,,,,,,,,,,,,,,,,,,,Irritado,No,No,,,,,,,,,,,,,,,
03/09/2020 12:44:50,Sí,,Barcelona,Aburrido,CASILLA7263,,,,,,,,,,A gusto,No,No,,,,,,,,,,,,,,,,,,,,,,,,,Encantado,No,No,,,,,,,,,,,,,,,,,,,,,,,,,Calmado,No,No,,,,,,,,,,,,,,,,,,,,,,,,,Satisfecho,No,No,,,,,,,,,,,,,,,
03/09/2020 13:00:27,Sí,,Barcelona,"Feliz, Alegre",CASILLA2371,,,,,,,,,,,,,,,,,,,Deprimido,No,No,,,,,,,,,,,,,,,,,,,,,,,,,Irritado,No,No,,,,,,,,,,,,,,,,,,,,,,,,,Relajado,Sí,Sí,,,,,,,,,,,,,,,,,,,,,,,,,"Asombrado, Satisfecho",Sí,Sí,,,,,,
03/09/2020 14:06:03,Sí,,Lleida,"Tenso, Aburrido, Cansado",CASILLA1283,,,,,,,,,,,,,,,,,,,,,,Sereno,No,No,,,,,,,,,,,,,,,,,,,,,,,,,Cansado,No,No,,,,,,,,,,,,,,,,,,,,,,,,,Enfadado,No,No,,,,,,,,,,,,,,,,,,,,,,,,,Alarmado,No,No,,,
03/09/2020 14:35:40,Sí,,Barcelona,Relajado,CASILLA8637,,,,,,,Tenso,No,No,,,,,,,,,,,,,,,,,,,,,,,,,Adormecido,No,No,,,,,,,,,,,,,,,,,,,,,,,,,Asombrado,No,No,,,,,,,,,,,,,,,,,,,,,,,,,Relajado,No,No,,,,,,,,,,,,,,,,,,
03/09/2020 14:43:20,Sí,,Lleida,Relajado,CASILLA8637,,,,,,,Sereno,Sí,Sí,,,,,,,,,,,,,,,,,,,,,,,,,Satisfecho,No,Sí,,,,,,,,,,,,,,,,,,,,,,,,,Alarmado,No,No,,,,,,,,,,,,,,,,,,,,,,,,,Encantado,Sí,Sí,,,,,,,,,,,,,,,,,,
03/09/2020 14:46:41,Sí,,Lleida,"Feliz, Alegre",CASILLA2371,,,,,,,,,,,,,,,,,,,Asombrado,No,No,,,,,,,,,,,,,,,,,,,,,,,,,Asombrado,No,No,,,,,,,,,,,,,,,,,,,,,,,,,Contento,No,Sí,,,,,,,,,,,,,,,,,,,,,,,,,Emocionado,No,Sí,,,,,,
03/09/2020 14:51:50,Sí,,Lleida,Relajado,CASILLA8721,,,,,,,,,,,,,,,,,,,,,,,,,"Asombrado, A gusto",Sí,Sí,,,,,,,,,,,,,,,,,,,,,,,,,Deprimido,No,No,,,,,,,,,,,,,,,,,,,,,,,,,"Emocionado, Alegre",Sí,Sí,,,,,,,,,,,,,,,,,,,,,,,,,Asombrado,Sí,Sí
03/09/2020 15:07:12,Sí,,Lleida,Feliz,CASILLA3298,Encantado,Sí,Sí,,,,,,,,,,,,,,,,,,,,,,,,,Melancólico,No,No,,,,,,,,,,,,,,,,,,,,,,,,,Excitado,No,No,,,,,,,,,,,,,,,,,,,,,,,,,Relajado,No,No,,,,,,,,,,,,,,,,,,,,,,,,
03/09/2020 15:21:47,Sí,,Lleida,Relajado,CASILLA7263,,,,,,,,,,A gusto,No,No,,,,,,,,,,,,,,,,,,,,,,,,,Aburrido,No,No,,,,,,,,,,,,,,,,,,,,,,,,,Encantado,Sí,Sí,,,,,,,,,,,,,,,,,,,,,,,,,Alegre,No,Sí,,,,,,,,,,,,,,,
03/09/2020 15:26:19,Sí,,Lleida,"Emocionado, Alegre",CASILLA3298,Sereno,No,No,,,,,,,,,,,,,,,,,,,,,,,,,Encantado,No,Sí,,,,,,,,,,,,,,,,,,,,,,,,,Calmado,No,Sí,,,,,,,,,,,,,,,,,,,,,,,,,Relajado,No,Sí,,,,,,,,,,,,,,,,,,,,,,,,
03/09/2020 15:31:07,Sí,,Lleida,Feliz,CASILLA7263,,,,,,,,,,Tenso,No,No,,,,,,,,,,,,,,,,,,,,,,,,,Aburrido,No,No,,,,,,,,,,,,,,,,,,,,,,,,,Satisfecho,No,Sí,,,,,,,,,,,,,,,,,,,,,,,,,Alegre,Sí,Sí,,,,,,,,,,,,,,,
03/09/2020 15:40:27,Sí,,Valencia,"Feliz, Relajado",CASILLA9273,,,,,,,,,,,,,Angustiado,No,No,,,,,,,,,,,,,,,,,,,,,,,,,Encantado,Sí,Sí,,,,,,,,,,,,,,,,,,,,,,,,,Satisfecho,No,No,,,,,,,,,,,,,,,,,,,,,,,,,Sereno,Sí,No,,,,,,,,,,,,
03/09/2020 15:40:47,Sí,,Toledo,Relajado,CASILLA2371,,,,,,,,,,,,,,,,,,,Asombrado,No,No,,,,,,,,,,,,,,,,,,,,,,,,,Irritado,No,No,,,,,,,,,,,,,,,,,,,,,,,,,Relajado,Sí,Sí,,,,,,,,,,,,,,,,,,,,,,,,,"Emocionado, Satisfecho",Sí,Sí,,,,,,
03/09/2020 15:48:00,Sí,,Lleida,Tenso,CASILLA8637,,,,,,,Tenso,No,No,,,,,,,,,,,,,,,,,,,,,,,,,Feliz,No,Sí,,,,,,,,,,,,,,,,,,,,,,,,,Alarmado,No,No,,,,,,,,,,,,,,,,,,,,,,,,,Calmado,No,Sí,,,,,,,,,,,,,,,,,,
03/09/2020 16:13:31,Sí,,Lleida,"Feliz, Relajado",CASILLA9381,,,,Angustiado,No,No,,,,,,,,,,,,,,,,,,,,,,,,,Feliz,No,Sí,,,,,,,,,,,,,,,,,,,,,,,,,Feliz,No,Sí,,,,,,,,,,,,,,,,,,,,,,,,,Relajado,No,Sí,,,,,,,,,,,,,,,,,,,,,
03/09/2020 17:28:30,Sí,,Madrid,Feliz,CASILLA3298,Frustrado,No,Sí,,,,,,,,,,,,,,,,,,,,,,,,,"Encantado, A gusto",Sí,Sí,,,,,,,,,,,,,,,,,,,,,,,,,Alarmado,No,No,,,,,,,,,,,,,,,,,,,,,,,,,Frustrado,No,No,,,,,,,,,,,,,,,,,,,,,,,,
03/09/2020 17:51:32,Sí,,Barcelona,Tenso,CASILLA2883,,,,,,,,,,,,,,,,Calmado,Sí,Sí,,,,,,,,,,,,,,,,,,,,,,,,,Calmado,No,No,,,,,,,,,,,,,,,,,,,,,,,,,A gusto,No,No,,,,,,,,,,,,,,,,,,,,,,,,,Encantado,Sí,Sí,,,,,,,,,
03/09/2020 17:54:40,Sí,,Lleida,"Feliz, Cansado, Relajado, Alegre",CASILLA8637,,,,,,,Sereno,Sí,No,,,,,,,,,,,,,,,,,,,,,,,,,"Asombrado, Feliz, Satisfecho",Sí,Sí,,,,,,,,,,,,,,,,,,,,,,,,,"Alarmado, Calmado",No,No,,,,,,,,,,,,,,,,,,,,,,,,,"Emocionado, Melancólico",Sí,Sí,,,,,,,,,,,,,,,,,,
03/09/2020 19:31:48,Sí,,Barcelona,"Cansado, Alegre",CASILLA2371,,,,,,,,,,,,,,,,,,,Asombrado,No,No,,,,,,,,,,,,,,,,,,,,,,,,,Adormecido,Sí,No,,,,,,,,,,,,,,,,,,,,,,,,,Contento,No,No,,,,,,,,,,,,,,,,,,,,,,,,,Satisfecho,No,Sí,,,,,,
03/09/2020 19:39:24,Sí,,Barcelona,Relajado,CASILLA1283,,,,,,,,,,,,,,,,,,,,,,Sereno,No,No,,,,,,,,,,,,,,,,,,,,,,,,,"Asombrado, Tenso",No,No,,,,,,,,,,,,,,,,,,,,,,,,,Contento,No,Sí,,,,,,,,,,,,,,,,,,,,,,,,,Melancólico,Sí,Sí,,,
03/09/2020 20:03:32,Sí,,Lleida,Aburrido,CASILLA3298,Frustrado,No,No,,,,,,,,,,,,,,,,,,,,,,,,,Melancólico,Sí,Sí,,,,,,,,,,,,,,,,,,,,,,,,,Excitado,No,No,,,,,,,,,,,,,,,,,,,,,,,,,Relajado,Sí,Sí,,,,,,,,,,,,,,,,,,,,,,,,
03/09/2020 20:09:51,Sí,,Barcelona,Tenso,CASILLA8721,,,,,,,,,,,,,,,,,,,,,,,,,Asombrado,No,No,,,,,,,,,,,,,,,,,,,,,,,,,"Deprimido, Sereno",Sí,No,,,,,,,,,,,,,,,,,,,,,,,,,"Satisfecho, Alegre",No,Sí,,,,,,,,,,,,,,,,,,,,,,,,,Deprimido,No,No
03/09/2020 20:13:00,Sí,,Lleida,Tenso,CASILLA8637,,,,,,,Sereno,Sí,Sí,,,,,,,,,,,,,,,,,,,,,,,,,Satisfecho,No,No,,,,,,,,,,,,,,,,,,,,,,,,,Marchito,No,No,,,,,,,,,,,,,,,,,,,,,,,,,Melancólico,No,No,,,,,,,,,,,,,,,,,,
03/09/2020 20:19:57,Sí,,Barcelona,Feliz,CASILLA7263,,,,,,,,,,A gusto,No,Sí,,,,,,,,,,,,,,,,,,,,,,,,,Asustado,No,No,,,,,,,,,,,,,,,,,,,,,,,,,"Encantado, Satisfecho",Sí,Sí,,,,,,,,,,,,,,,,,,,,,,,,,"Asombrado, Alegre, Emocionado, Satisfecho",Sí,Sí,,,,,,,,,,,,,,,
03/09/2020 20:46:38,Sí,,Barcelona,Cansado,CASILLA8721,,,,,,,,,,,,,,,,,,,,,,,,,Tenso,No,No,,,,,,,,,,,,,,,,,,,,,,,,,Deprimido,No,No,,,,,,,,,,,,,,,,,,,,,,,,,Satisfecho,No,No,,,,,,,,,,,,,,,,,,,,,,,,,Sereno,Sí,No
03/09/2020 20:55:39,Sí,,Lleida,"Tenso, Aburrido, Relajado",CASILLA3298,Sereno,No,No,,,,,,,,,,,,,,,,,,,,,,,,,A gusto,No,No,,,,,,,,,,,,,,,,,,,,,,,,,Calmado,No,No,,,,,,,,,,,,,,,,,,,,,,,,,Relajado,No,No,,,,,,,,,,,,,,,,,,,,,,,,
03/09/2020 21:34:18,Sí,,Barcelona,"Feliz, Alegre",CASILLA1283,,,,,,,,,,,,,,,,,,,,,,Calmado,No,No,,,,,,,,,,,,,,,,,,,,,,,,,"Asombrado, Tenso",No,No,,,,,,,,,,,,,,,,,,,,,,,,,Enfadado,No,No,,,,,,,,,,,,,,,,,,,,,,,,,"Feliz, Melancólico",Sí,Sí,,,
03/09/2020 21:57:47,Sí,,Barcelona,Cansado,CASILLA2883,,,,,,,,,,,,,,,,Calmado,Sí,Sí,,,,,,,,,,,,,,,,,,,,,,,,,Calmado,No,No,,,,,,,,,,,,,,,,,,,,,,,,,Triste,No,No,,,,,,,,,,,,,,,,,,,,,,,,,Adormecido,No,No,,,,,,,,,
03/09/2020 22:06:35,Sí,,Barcelona,Relajado,CASILLA1283,,,,,,,,,,,,,,,,,,,,,,Calmado,No,No,,,,,,,,,,,,,,,,,,,,,,,,,Tenso,No,No,,,,,,,,,,,,,,,,,,,,,,,,,Calmado,No,No,,,,,,,,,,,,,,,,,,,,,,,,,Contento,No,No,,,
03/09/2020 22:13:13,Sí,,Barcelona,Relajado,CASILLA8637,,,,,,,Sereno,Sí,Sí,,,,,,,,,,,,,,,,,,,,,,,,,Satisfecho,No,Sí,,,,,,,,,,,,,,,,,,,,,,,,,Asombrado,No,No,,,,,,,,,,,,,,,,,,,,,,,,,Calmado,Sí,No,,,,,,,,,,,,,,,,,,
03/09/2020 23:22:46,Sí,,Barcelona,Cansado,CASILLA2883,,,,,,,,,,,,,,,,Calmado,Sí,Sí,,,,,,,,,,,,,,,,,,,,,,,,,Melancólico,No,No,,,,,,,,,,,,,,,,,,,,,,,,,Alarmado,No,No,,,,,,,,,,,,,,,,,,,,,,,,,Feliz,Sí,Sí,,,,,,,,,
03/09/2020 23:41:57,Sí,,Barcelona,Tenso,CASILLA2883,,,,,,,,,,,,,,,,Calmado,Sí,Sí,,,,,,,,,,,,,,,,,,,,,,,,,Calmado,No,No,,,,,,,,,,,,,,,,,,,,,,,,,A gusto,No,No,,,,,,,,,,,,,,,,,,,,,,,,,Encantado,Sí,Sí,,,,,,,,,
03/09/2020 23:49:35,Sí,,Barcelona,Cansado,CASILLA8637,,,,,,,Sereno,No,No,,,,,,,,,,,,,,,,,,,,,,,,,Satisfecho,No,Sí,,,,,,,,,,,,,,,,,,,,,,,,,Marchito,Sí,No,,,,,,,,,,,,,,,,,,,,,,,,,Relajado,Sí,Sí,,,,,,,,,,,,,,,,,,
04/09/2020 00:38:08,Sí,,Barcelona,"Feliz, Alegre",CASILLA2371,,,,,,,,,,,,,,,,,,,Deprimido,No,No,,,,,,,,,,,,,,,,,,,,,,,,,Irritado,No,No,,,,,,,,,,,,,,,,,,,,,,,,,Relajado,Sí,Sí,,,,,,,,,,,,,,,,,,,,,,,,,"Asombrado, Satisfecho",Sí,Sí,,,,,,
04/09/2020 01:19:54,Sí,,Barcelona,"Frustrado, Cansado",CASILLA9381,,,,Cansado,Sí,No,,,,,,,,,,,,,,,,,,,,,,,,,A gusto,No,No,,,,,,,,,,,,,,,,,,,,,,,,,Sereno,No,No,,,,,,,,,,,,,,,,,,,,,,,,,Emocionado,No,No,,,,,,,,,,,,,,,,,,,,,
04/09/2020 02:06:59,Sí,,Barcelona,"Feliz, Relajado",CASILLA2883,,,,,,,,,,,,,,,,"Encantado, Calmado",Sí,Sí,,,,,,,,,,,,,,,,,,,,,,,,,Melancólico,Sí,No,,,,,,,,,,,,,,,,,,,,,,,,,Triste,No,No,,,,,,,,,,,,,,,,,,,,,,,,,Adormecido,No,No,,,,,,,,,
04/09/2020 08:00:24,Sí,,Barcelona,"Feliz, Tenso",CASILLA8721,,,,,,,,,,,,,,,,,,,,,,,,,Tenso,No,No,,,,,,,,,,,,,,,,,,,,,,,,,Sereno,Sí,No,,,,,,,,,,,,,,,,,,,,,,,,,Satisfecho,Sí,Sí,,,,,,,,,,,,,,,,,,,,,,,,,Relajado,Sí,Sí
04/09/2020 10:04:12,Sí,,Barcelona,Relajado,CASILLA2883,,,,,,,,,,,,,,,,Calmado,Sí,Sí,,,,,,,,,,,,,,,,,,,,,,,,,Calmado,No,No,,,,,,,,,,,,,,,,,,,,,,,,,"Emocionado, A gusto",No,Sí,,,,,,,,,,,,,,,,,,,,,,,,,"Triste, Adormecido",Sí,No,,,,,,,,,
04/09/2020 11:58:02,Sí,,Barcelona,Relajado,CASILLA8637,,,,,,,Sereno,Sí,Sí,,,,,,,,,,,,,,,,,,,,,,,,,Satisfecho,No,Sí,,,,,,,,,,,,,,,,,,,,,,,,,Asombrado,No,No,,,,,,,,,,,,,,,,,,,,,,,,,Melancólico,No,No,,,,,,,,,,,,,,,,,,
04/09/2020 13:43:20,Sí,,Barcelona,Tenso,CASILLA2883,,,,,,,,,,,,,,,,Calmado,Sí,Sí,,,,,,,,,,,,,,,,,,,,,,,,,Calmado,No,No,,,,,,,,,,,,,,,,,,,,,,,,,A gusto,No,No,,,,,,,,,,,,,,,,,,,,,,,,,Encantado,Sí,Sí,,,,,,,,,
04/09/2020 16:00:40,Sí,,Lleida,"Feliz, Cansado, Alegre",CASILLA2883,,,,,,,,,,,,,,,,Calmado,Sí,Sí,,,,,,,,,,,,,,,,,,,,,,,,,Calmado,No,No,,,,,,,,,,,,,,,,,,,,,,,,,A gusto,No,Sí,,,,,,,,,,,,,,,,,,,,,,,,,"Feliz, Adormecido",Sí,Sí,,,,,,,,,
04/09/2020 16:48:24,Sí,,Lleida,Relajado,CASILLA2371,,,,,,,,,,,,,,,,,,,Enfadado,No,No,,,,,,,,,,,,,,,,,,,,,,,,,Satisfecho,No,Sí,,,,,,,,,,,,,,,,,,,,,,,,,Relajado,Sí,Sí,,,,,,,,,,,,,,,,,,,,,,,,,"Emocionado, Satisfecho",No,Sí,,,,,,
04/09/2020 20:48:36,Sí,,Barcelona,Relajado,CASILLA9381,,,,Cansado,Sí,Sí,,,,,,,,,,,,,,,,,,,,,,,,,Tenso,No,No,,,,,,,,,,,,,,,,,,,,,,,,,Enfadado,No,No,,,,,,,,,,,,,,,,,,,,,,,,,Adormecido,No,No,,,,,,,,,,,,,,,,,,,,,
04/09/2020 22:09:47,Sí,,Barcelona,Relajado,CASILLA8721,,,,,,,,,,,,,,,,,,,,,,,,,A gusto,Sí,Sí,,,,,,,,,,,,,,,,,,,,,,,,,A gusto,No,Sí,,,,,,,,,,,,,,,,,,,,,,,,,Emocionado,No,Sí,,,,,,,,,,,,,,,,,,,,,,,,,Irritado,No,No
04/09/2020 22:14:33,Sí,,Barcelona,Relajado,CASILLA9273,,,,,,,,,,,,,Cansado,No,No,,,,,,,,,,,,,,,,,,,,,,,,,Aburrido,No,No,,,,,,,,,,,,,,,,,,,,,,,,,Emocionado,No,No,,,,,,,,,,,,,,,,,,,,,,,,,Emocionado,Sí,Sí,,,,,,,,,,,,
04/09/2020 22:21:08,Sí,,Barcelona,"Feliz, Aburrido, Cansado",CASILLA2883,,,,,,,,,,,,,,,,Calmado,Sí,No,,,,,,,,,,,,,,,,,,,,,,,,,"Alegre, Excitado",No,No,,,,,,,,,,,,,,,,,,,,,,,,,"Triste, Calmado, Emocionado, A gusto",Sí,No,,,,,,,,,,,,,,,,,,,,,,,,,"Triste, Adormecido",Sí,No,,,,,,,,,
05/09/2020 01:15:42,Sí,,Lleida,"Frustrado, Cansado, Alegre",CASILLA7263,,,,,,,,,,Muy satisfecho,No,No,,,,,,,,,,,,,,,,,,,,,,,,,Encantado,No,No,,,,,,,,,,,,,,,,,,,,,,,,,Angustiado,No,No,,,,,,,,,,,,,,,,,,,,,,,,,Alegre,No,No,,,,,,,,,,,,,,,
05/09/2020 08:36:11,Sí,,Barcelona,Cansado,CASILLA2883,,,,,,,,,,,,,,,,Calmado,Sí,Sí,,,,,,,,,,,,,,,,,,,,,,,,,Melancólico,No,No,,,,,,,,,,,,,,,,,,,,,,,,,Alarmado,No,No,,,,,,,,,,,,,,,,,,,,,,,,,Feliz,Sí,Sí,,,,,,,,,
05/09/2020 09:01:08,Sí,,Barcelona,Cansado,CASILLA8637,,,,,,,Sereno,No,No,,,,,,,,,,,,,,,,,,,,,,,,,Satisfecho,No,Sí,,,,,,,,,,,,,,,,,,,,,,,,,Marchito,Sí,No,,,,,,,,,,,,,,,,,,,,,,,,,Relajado,Sí,Sí,,,,,,,,,,,,,,,,,,
05/09/2020 10:31:55,Sí,,Lleida,Frustrado,CASILLA7263,,,,,,,,,,Tenso,No,No,,,,,,,,,,,,,,,,,,,,,,,,,Aburrido,No,No,,,,,,,,,,,,,,,,,,,,,,,,,Angustiado,No,No,,,,,,,,,,,,,,,,,,,,,,,,,Alegre,Sí,Sí,,,,,,,,,,,,,,,
05/09/2020 10:31:55,Sí,,Lleida,Relajado,CASILLA1283,,,,,,,,,,,,,,,,,,,,,,Calmado,No,Sí,,,,,,,,,,,,,,,,,,,,,,,,,Tenso,Sí,Sí,,,,,,,,,,,,,,,,,,,,,,,,,Asombrado,No,Sí,,,,,,,,,,,,,,,,,,,,,,,,,Melancólico,Sí,Sí,,,
05/09/2020 10:32:48,Sí,,Lleida,"Feliz, Emocionado",CASILLA1283,,,,,,,,,,,,,,,,,,,,,,Sereno,No,No,,,,,,,,,,,,,,,,,,,,,,,,,Asombrado,No,Sí,,,,,,,,,,,,,,,,,,,,,,,,,Contento,Sí,Sí,,,,,,,,,,,,,,,,,,,,,,,,,Melancólico,Sí,Sí,,,
05/09/2020 10:43:54,Sí,,Lleida,Feliz,CASILLA8637,,,,,,,Emocionado,Sí,Sí,,,,,,,,,,,,,,,,,,,,,,,,,Satisfecho,Sí,Sí,,,,,,,,,,,,,,,,,,,,,,,,,A gusto,Sí,Sí,,,,,,,,,,,,,,,,,,,,,,,,,Encantado,Sí,Sí,,,,,,,,,,,,,,,,,,
05/09/2020 10:55:11,Sí,,Lleida,Tenso,CASILLA9273,,,,,,,,,,,,,Angustiado,No,No,,,,,,,,,,,,,,,,,,,,,,,,,Asombrado,No,No,,,,,,,,,,,,,,,,,,,,,,,,,Satisfecho,No,Sí,,,,,,,,,,,,,,,,,,,,,,,,,Asombrado,Sí,No,,,,,,,,,,,,
05/09/2020 10:55:12,Sí,,Lleida,Relajado,CASILLA8721,,,,,,,,,,,,,,,,,,,,,,,,,Tenso,Sí,No,,,,,,,,,,,,,,,,,,,,,,,,,Sereno,Sí,No,,,,,,,,,,,,,,,,,,,,,,,,,Alegre,Sí,No,,,,,,,,,,,,,,,,,,,,,,,,,Relajado,Sí,No
05/09/2020 10:59:14,Sí,,Lleida,Relajado,CASILLA9273,,,,,,,,,,,,,Sereno,No,No,,,,,,,,,,,,,,,,,,,,,,,,,Asombrado,No,No,,,,,,,,,,,,,,,,,,,,,,,,,Satisfecho,No,Sí,,,,,,,,,,,,,,,,,,,,,,,,,Angustiado,Sí,No,,,,,,,,,,,,
05/09/2020 11:18:31,Sí,,Barcelona,Cansado,CASILLA2883,,,,,,,,,,,,,,,,Calmado,Sí,Sí,,,,,,,,,,,,,,,,,,,,,,,,,Excitado,No,No,,,,,,,,,,,,,,,,,,,,,,,,,Alarmado,No,No,,,,,,,,,,,,,,,,,,,,,,,,,Encantado,Sí,Sí,,,,,,,,,
05/09/2020 11:25:28,Sí,,Lleida,Tenso,CASILLA9273,,,,,,,,,,,,,"Angustiado, Cansado",No,No,,,,,,,,,,,,,,,,,,,,,,,,,Aburrido,No,No,,,,,,,,,,,,,,,,,,,,,,,,,Emocionado,Sí,Sí,,,,,,,,,,,,,,,,,,,,,,,,,Angustiado,No,Sí,,,,,,,,,,,,
05/09/2020 12:40:06,Sí,,Lleida,Relajado,CASILLA9273,,,,,,,,,,,,,Cansado,No,No,,,,,,,,,,,,,,,,,,,,,,,,,Aburrido,No,No,,,,,,,,,,,,,,,,,,,,,,,,,Satisfecho,No,Sí,,,,,,,,,,,,,,,,,,,,,,,,,Sereno,No,No,,,,,,,,,,,,
05/09/2020 13:00:37,Sí,,Lleida,"Feliz, Emocionado, Alegre",CASILLA1283,,,,,,,,,,,,,,,,,,,,,,Sereno,Sí,Sí,,,,,,,,,,,,,,,,,,,,,,,,,Tenso,Sí,No,,,,,,,,,,,,,,,,,,,,,,,,,Contento,Sí,No,,,,,,,,,,,,,,,,,,,,,,,,,Melancólico,Sí,Sí,,,
05/09/2020 14:13:54,Sí,,Lleida,"Tenso, Cansado",CASILLA7263,,,,,,,,,,"Excitado, Tenso",No,No,,,,,,,,,,,,,,,,,,,,,,,,,Aburrido,No,No,,,,,,,,,,,,,,,,,,,,,,,,,"Calmado, Satisfecho",No,Sí,,,,,,,,,,,,,,,,,,,,,,,,,"Alegre, Emocionado, Satisfecho",Sí,Sí,,,,,,,,,,,,,,,
05/09/2020 14:19:30,Sí,,Barcelona,"Feliz, Relajado, Alegre",CASILLA7263,,,,,,,,,,A gusto,No,Sí,,,,,,,,,,,,,,,,,,,,,,,,,"Aburrido, Calmado",No,No,,,,,,,,,,,,,,,,,,,,,,,,,"Encantado, Calmado, Satisfecho",No,Sí,,,,,,,,,,,,,,,,,,,,,,,,,"Alegre, Satisfecho",No,Sí,,,,,,,,,,,,,,,
05/09/2020 16:18:45,Sí,,Lleida,"Feliz, Aburrido, Relajado",CASILLA7263,,,,,,,,,,"A gusto, Feliz, Muy satisfecho",No,Sí,,,,,,,,,,,,,,,,,,,,,,,,,Aburrido,Sí,No,,,,,,,,,,,,,,,,,,,,,,,,,Encantado,No,No,,,,,,,,,,,,,,,,,,,,,,,,,"Asombrado, Alegre",No,Sí,,,,,,,,,,,,,,,
05/09/2020 16:25:27,Sí,,Lleida,Cansado,CASILLA8721,,,,,,,,,,,,,,,,,,,,,,,,,Tenso,No,No,,,,,,,,,,,,,,,,,,,,,,,,,Encantado,No,No,,,,,,,,,,,,,,,,,,,,,,,,,Satisfecho,Sí,Sí,,,,,,,,,,,,,,,,,,,,,,,,,Sereno,Sí,No
05/09/2020 17:12:21,Sí,,Barcelona,Relajado,CASILLA1283,,,,,,,,,,,,,,,,,,,,,,Calmado,No,Sí,,,,,,,,,,,,,,,,,,,,,,,,,Tenso,No,No,,,,,,,,,,,,,,,,,,,,,,,,,Contento,No,Sí,,,,,,,,,,,,,,,,,,,,,,,,,Melancólico,Sí,Sí,,,
05/09/2020 17:58:38,Sí,,Barcelona,Relajado,CASILLA8637,,,,,,,Sereno,Sí,Sí,,,,,,,,,,,,,,,,,,,,,,,,,Satisfecho,No,Sí,,,,,,,,,,,,,,,,,,,,,,,,,Asombrado,No,No,,,,,,,,,,,,,,,,,,,,,,,,,Calmado,Sí,No,,,,,,,,,,,,,,,,,,
05/09/2020 20:24:29,Sí,,Lleida,"Feliz, Relajado",CASILLA9273,,,,,,,,,,,,,Relajado,No,No,,,,,,,,,,,,,,,,,,,,,,,,,"Muy satisfecho, Relajado",No,Sí,,,,,,,,,,,,,,,,,,,,,,,,,Satisfecho,Sí,No,,,,,,,,,,,,,,,,,,,,,,,,,Asombrado,Sí,Sí,,,,,,,,,,,,
05/09/2020 22:23:53,Sí,,Lleida,"Feliz, Emocionado",CASILLA7263,,,,,,,,,,Tenso,No,No,,,,,,,,,,,,,,,,,,,,,,,,,Aburrido,No,No,,,,,,,,,,,,,,,,,,,,,,,,,Satisfecho,Sí,Sí,,,,,,,,,,,,,,,,,,,,,,,,,Alegre,No,No,,,,,,,,,,,,,,,
06/09/2020 09:00:26,Sí,,Lleida,"Cansado, Relajado",CASILLA9273,,,,,,,,,,,,,Angustiado,Sí,No,,,,,,,,,,,,,,,,,,,,,,,,,"Encantado, Relajado",Sí,Sí,,,,,,,,,,,,,,,,,,,,,,,,,Alegre,Sí,Sí,,,,,,,,,,,,,,,,,,,,,,,,,Angustiado,Sí,No,,,,,,,,,,,,
06/09/2020 12:18:46,Sí,,Barcelona,Cansado,CASILLA2883,,,,,,,,,,,,,,,,Calmado,Sí,Sí,,,,,,,,,,,,,,,,,,,,,,,,,Melancólico,No,No,,,,,,,,,,,,,,,,,,,,,,,,,Alarmado,No,No,,,,,,,,,,,,,,,,,,,,,,,,,Feliz,Sí,Sí,,,,,,,,,
06/09/2020 17:46:53,Sí,,Lleida,"Cansado, Relajado",CASILLA9273,,,,,,,,,,,,,Angustiado,Sí,No,,,,,,,,,,,,,,,,,,,,,,,,,"Encantado, Relajado",Sí,Sí,,,,,,,,,,,,,,,,,,,,,,,,,Alegre,Sí,Sí,,,,,,,,,,,,,,,,,,,,,,,,,Angustiado,Sí,No,,,,,,,,,,,,
07/09/2020 07:12:36,Sí,,Lleida,Relajado,CASILLA7263,,,,,,,,,,A gusto,No,Sí,,,,,,,,,,,,,,,,,,,,,,,,,Aburrido,No,No,,,,,,,,,,,,,,,,,,,,,,,,,Melancólico,No,No,,,,,,,,,,,,,,,,,,,,,,,,,Triste,Sí,Sí,,,,,,,,,,,,,,,
07/09/2020 07:36:18,Sí,,Lleida,Tenso,CASILLA2371,,,,,,,,,,,,,,,,,,,Enfadado,No,No,,,,,,,,,,,,,,,,,,,,,,,,,Satisfecho,Sí,Sí,,,,,,,,,,,,,,,,,,,,,,,,,Cansado,Sí,Sí,,,,,,,,,,,,,,,,,,,,,,,,,Asombrado,No,Sí,,,,,,
07/09/2020 08:23:56,Sí,,Lleida,Feliz,CASILLA9273,,,,,,,,,,,,,"Excitado, Angustiado",No,No,,,,,,,,,,,,,,,,,,,,,,,,,"Asombrado, Relajado",No,Sí,,,,,,,,,,,,,,,,,,,,,,,,,"Satisfecho, Alegre",Sí,Sí,,,,,,,,,,,,,,,,,,,,,,,,,Cansado,No,No,,,,,,,,,,,,
07/09/2020 08:31:45,Sí,,Lleida,Cansado,CASILLA8721,,,,,,,,,,,,,,,,,,,,,,,,,Tenso,No,No,,,,,,,,,,,,,,,,,,,,,,,,,A gusto,Sí,Sí,,,,,,,,,,,,,,,,,,,,,,,,,Miserable,No,No,,,,,,,,,,,,,,,,,,,,,,,,,"Relajado, Sereno",Sí,Sí